Producto,SKU,Precio,Precio Rebajado,Descripcion_corta,Imagen,Color,Talla,Disponibilidad
Camiseta Las Picassas,"<span class=""sku"">N/D</span>","35,00€",,Camiseta Unisex de manga corta Las Picassas. Es de 100% Algodón Peinado Orgánico. De color negro con el diseño en impresión textil.,"https://crisalidadesigner.com/wp-content/uploads/2020/11/Camiseta-Las-Picassas-Negra-Algodon-Organico-La-Modateca-Crisalida-scaled.jpg,https://crisalidadesigner.com/wp-content/uploads/2020/11/Camiseta-Las-Picassas-Negra-Algodon-Organico-La-Modateca-Crisalida1-scaled.jpg,https://crisalidadesigner.com/wp-content/uploads/2020/11/Camiseta-Las-Picassas-Negra-Algodon-Organico-La-Modateca-Crisalida2-scaled.jpg,https://crisalidadesigner.com/wp-content/uploads/2020/11/Camiseta-Las-Picassas-Negra-Algodon-Organico-La-Modateca-Crisalida3-scaled.jpg",None,S-M,30
Camiseta Las Picassas,"<span class=""sku"">N/D</span>","35,00€",,Camiseta Unisex de manga corta Las Picassas. Es de 100% Algodón Peinado Orgánico. De color negro con el diseño en impresión textil.,"https://crisalidadesigner.com/wp-content/uploads/2020/11/Camiseta-Las-Picassas-Negra-Algodon-Organico-La-Modateca-Crisalida-scaled.jpg,https://crisalidadesigner.com/wp-content/uploads/2020/11/Camiseta-Las-Picassas-Negra-Algodon-Organico-La-Modateca-Crisalida1-scaled.jpg,https://crisalidadesigner.com/wp-content/uploads/2020/11/Camiseta-Las-Picassas-Negra-Algodon-Organico-La-Modateca-Crisalida2-scaled.jpg,https://crisalidadesigner.com/wp-content/uploads/2020/11/Camiseta-Las-Picassas-Negra-Algodon-Organico-La-Modateca-Crisalida3-scaled.jpg",None,M-L,30
Camiseta Las Picassas,"<span class=""sku"">N/D</span>","35,00€",,Camiseta Unisex de manga corta Las Picassas. Es de 100% Algodón Peinado Orgánico. De color negro con el diseño en impresión textil.,"https://crisalidadesigner.com/wp-content/uploads/2020/11/Camiseta-Las-Picassas-Negra-Algodon-Organico-La-Modateca-Crisalida-scaled.jpg,https://crisalidadesigner.com/wp-content/uploads/2020/11/Camiseta-Las-Picassas-Negra-Algodon-Organico-La-Modateca-Crisalida1-scaled.jpg,https://crisalidadesigner.com/wp-content/uploads/2020/11/Camiseta-Las-Picassas-Negra-Algodon-Organico-La-Modateca-Crisalida2-scaled.jpg,https://crisalidadesigner.com/wp-content/uploads/2020/11/Camiseta-Las-Picassas-Negra-Algodon-Organico-La-Modateca-Crisalida3-scaled.jpg",None,L-XL,30
Bufanda Reversible Fases Lunares Verde,"<span class=""sku"">BufandaLunasVerde</span>","49,00€",,"Bufanda grande y larga de lana de merino. Por un lado es de color verde con las lunas de colores y por el otro lado de colores con las lunas verdes. Una bufanda reversible para que te la pongas por el lado que más te gusta. Inspirada en las fases lunares y en todas sus formas; crecientes, menguantes, nuevas y llenas.",https://crisalidadesigner.com/wp-content/uploads/2020/10/Bufanda-Fases-Lunares-Verde-Crisalida2-scaled.jpg
Bufanda Reversible Fases Lunares Azul,"<span class=""sku"">BufandaLunasAzul</span>","49,00€",,"Bufanda grande y larga de lana de merino. Por un lado es de color azul con las lunas de colores y por el otro lado de colores con las lunas azules. Una bufanda reversible para que te la pongas por el lado que más te gusta. Inspirada en las fases lunares y en todas sus formas; crecientes, menguantes, nuevas y llenas.","https://crisalidadesigner.com/wp-content/uploads/2020/10/Bufanda-Fases-Lunares-Azul-Crisalida1-scaled.jpg,https://crisalidadesigner.com/wp-content/uploads/2020/10/Bufanda-Fases-Lunares-Azul-Crisalida2-scaled.jpg"
Jersey Fases Lunares Verde,"<span class=""sku"">JerseyLunasVerde</span>","120,00€",,"Jersey amplio de lana de merino con cuello redondo. Inspirado en las fases lunares y en todas sus formas; crecientes, menguantes, nuevas y llenas.","https://crisalidadesigner.com/wp-content/uploads/2020/10/Jersey-Fases-Lunares-Verde-Crisalida-scaled.jpg,https://crisalidadesigner.com/wp-content/uploads/2020/10/Jersey-Fases-Lunares-Verde-Crisalida1-scaled.jpg,https://crisalidadesigner.com/wp-content/uploads/2020/09/Jersey-Fases-Lunares-Verde-Crisalida3-scaled.jpg,https://crisalidadesigner.com/wp-content/uploads/2020/10/Medidas-Jersey-Fases-Lunares-Verde-Crisalida-scaled.jpg",None,1,0
Jersey Fases Lunares Verde,"<span class=""sku"">JerseyLunasVerde</span>","120,00€",,"Jersey amplio de lana de merino con cuello redondo. Inspirado en las fases lunares y en todas sus formas; crecientes, menguantes, nuevas y llenas.","https://crisalidadesigner.com/wp-content/uploads/2020/10/Jersey-Fases-Lunares-Verde-Crisalida-scaled.jpg,https://crisalidadesigner.com/wp-content/uploads/2020/10/Jersey-Fases-Lunares-Verde-Crisalida1-scaled.jpg,https://crisalidadesigner.com/wp-content/uploads/2020/09/Jersey-Fases-Lunares-Verde-Crisalida3-scaled.jpg,https://crisalidadesigner.com/wp-content/uploads/2020/10/Medidas-Jersey-Fases-Lunares-Verde-Crisalida-scaled.jpg",None,2,0
Jersey Fases Lunares Azul,"<span class=""sku"">JerseyLunasAzul</span>","120,00€",,"Jersey amplio de lana de merino con cuello redondo. Inspirado en las fases lunares y en todas sus formas; crecientes, menguantes, nuevas y llenas.","https://crisalidadesigner.com/wp-content/uploads/2020/10/Jersey-Fases-Lunares-Azul-Crisalida4-scaled.jpg,https://crisalidadesigner.com/wp-content/uploads/2020/10/Jersey-Fases-Lunares-Azul-Crisalida1-scaled.jpg,https://crisalidadesigner.com/wp-content/uploads/2020/10/Jersey-Fases-Lunares-Azul-Crisalida5-scaled.jpg,https://crisalidadesigner.com/wp-content/uploads/2020/10/Medidas-Jersey-Fases-Lunares-Azul-Crisalida-scaled.jpg",None,1,30
Jersey Fases Lunares Azul,"<span class=""sku"">JerseyLunasAzul</span>","120,00€",,"Jersey amplio de lana de merino con cuello redondo. Inspirado en las fases lunares y en todas sus formas; crecientes, menguantes, nuevas y llenas.","https://crisalidadesigner.com/wp-content/uploads/2020/10/Jersey-Fases-Lunares-Azul-Crisalida4-scaled.jpg,https://crisalidadesigner.com/wp-content/uploads/2020/10/Jersey-Fases-Lunares-Azul-Crisalida1-scaled.jpg,https://crisalidadesigner.com/wp-content/uploads/2020/10/Jersey-Fases-Lunares-Azul-Crisalida5-scaled.jpg,https://crisalidadesigner.com/wp-content/uploads/2020/10/Medidas-Jersey-Fases-Lunares-Azul-Crisalida-scaled.jpg",None,2,0
Jersey Paisaje Atardecer Azul,"<span class=""sku"">N/D</span>","129,00€",,"El jersey paisaje atardecer es muy cómodo. Es de cuello medio-alto y con manga ranglán. En varios colores, inspirado en los atardeceres de verano. Es de lana de merino para que no pases frío, porque la lana de merino se adapta a la temperatura de tu cuerpo. Además es un material que dura años, para que tus prendas formen parte de tu vida y de tu historia. Para que estos paisajes, formen parte de los tuyos. De tus fotografías y sobre todo de tus recuerdos.","https://crisalidadesigner.com/wp-content/uploads/2020/09/Jersey-Paisaje-Atardecer-Azul-Crisalida2-scaled.jpg,https://crisalidadesigner.com/wp-content/uploads/2020/09/Jersey-Paisaje-Atardecer-Azul-Crisalida1.1-scaled.jpg,https://crisalidadesigner.com/wp-content/uploads/2020/09/Jersey-Paisaje-Atardecer-Azul1-scaled.jpg,https://crisalidadesigner.com/wp-content/uploads/2019/08/Jersey-Atardecer-Colección-Paisajes-Lana-Merino-Crisálida3.jpg",None,1,30
Jersey Paisaje Atardecer Azul,"<span class=""sku"">N/D</span>","129,00€",,"El jersey paisaje atardecer es muy cómodo. Es de cuello medio-alto y con manga ranglán. En varios colores, inspirado en los atardeceres de verano. Es de lana de merino para que no pases frío, porque la lana de merino se adapta a la temperatura de tu cuerpo. Además es un material que dura años, para que tus prendas formen parte de tu vida y de tu historia. Para que estos paisajes, formen parte de los tuyos. De tus fotografías y sobre todo de tus recuerdos.","https://crisalidadesigner.com/wp-content/uploads/2020/09/Jersey-Paisaje-Atardecer-Azul-Crisalida2-scaled.jpg,https://crisalidadesigner.com/wp-content/uploads/2020/09/Jersey-Paisaje-Atardecer-Azul-Crisalida1.1-scaled.jpg,https://crisalidadesigner.com/wp-content/uploads/2020/09/Jersey-Paisaje-Atardecer-Azul1-scaled.jpg,https://crisalidadesigner.com/wp-content/uploads/2019/08/Jersey-Atardecer-Colección-Paisajes-Lana-Merino-Crisálida3.jpg",None,2,30
Jersey Paisaje Atardecer Rosa,"<span class=""sku"">N/D</span>","129,00€",,"El jersey paisaje atardecer es muy cómodo. Es de cuello medio-alto y con manga ranglán. En varios colores, inspirado en los atardeceres de verano. Es de lana de merino para que no pases frío, porque la lana de merino se adapta a la temperatura de tu cuerpo. Además es un material que dura años, para que tus prendas formen parte de tu vida y de tu historia. Para que estos paisajes, formen parte de los tuyos. De tus fotografías y sobre todo de tus recuerdos.","https://crisalidadesigner.com/wp-content/uploads/2020/09/Jersey-Paisaje-Atardecer-Rosa-Crisalida-scaled.jpg,https://crisalidadesigner.com/wp-content/uploads/2020/09/Jersey-Paisaje-Atardecer-Rosa-Crisalida3-scaled.jpg,https://crisalidadesigner.com/wp-content/uploads/2020/09/Jersey-Paisaje-Atardecer-Rosa-Crisalida1-scaled.jpg,https://crisalidadesigner.com/wp-content/uploads/2019/08/Jersey-Atardecer-Colección-Paisajes-Lana-Merino-Crisálida3.jpg",None,1,30
Jersey Paisaje Atardecer Rosa,"<span class=""sku"">N/D</span>","129,00€",,"El jersey paisaje atardecer es muy cómodo. Es de cuello medio-alto y con manga ranglán. En varios colores, inspirado en los atardeceres de verano. Es de lana de merino para que no pases frío, porque la lana de merino se adapta a la temperatura de tu cuerpo. Además es un material que dura años, para que tus prendas formen parte de tu vida y de tu historia. Para que estos paisajes, formen parte de los tuyos. De tus fotografías y sobre todo de tus recuerdos.","https://crisalidadesigner.com/wp-content/uploads/2020/09/Jersey-Paisaje-Atardecer-Rosa-Crisalida-scaled.jpg,https://crisalidadesigner.com/wp-content/uploads/2020/09/Jersey-Paisaje-Atardecer-Rosa-Crisalida3-scaled.jpg,https://crisalidadesigner.com/wp-content/uploads/2020/09/Jersey-Paisaje-Atardecer-Rosa-Crisalida1-scaled.jpg,https://crisalidadesigner.com/wp-content/uploads/2019/08/Jersey-Atardecer-Colección-Paisajes-Lana-Merino-Crisálida3.jpg",None,2,30
Jersey Fases Lunares Negro,"<span class=""sku"">JerseyLunasNegro</span>","120,00€",,"Jersey amplio de lana de merino con cuello redondo. Inspirado en las fases lunares y en todas sus formas; crecientes, menguantes, nuevas y llenas.","https://crisalidadesigner.com/wp-content/uploads/2020/09/Jersey-Fases-Lunares-Negro-Crisalida-scaled.jpg,https://crisalidadesigner.com/wp-content/uploads/2020/09/Jersey-Fases-Lunares-Negro-Crisalida1-scaled.jpg,https://crisalidadesigner.com/wp-content/uploads/2017/09/Jersey-Fases-Lunares-Lana-Merino-Crisálida.jpg,https://crisalidadesigner.com/wp-content/uploads/2017/09/Jersey-Fases-Lunares-Lana-Merino-Crisálida2.jpg,https://crisalidadesigner.com/wp-content/uploads/2020/10/Medidas-Jersey-Fases-Lunares-Negro-Crisalida-scaled.jpg",None,1,0
Jersey Fases Lunares Negro,"<span class=""sku"">JerseyLunasNegro</span>","120,00€",,"Jersey amplio de lana de merino con cuello redondo. Inspirado en las fases lunares y en todas sus formas; crecientes, menguantes, nuevas y llenas.","https://crisalidadesigner.com/wp-content/uploads/2020/09/Jersey-Fases-Lunares-Negro-Crisalida-scaled.jpg,https://crisalidadesigner.com/wp-content/uploads/2020/09/Jersey-Fases-Lunares-Negro-Crisalida1-scaled.jpg,https://crisalidadesigner.com/wp-content/uploads/2017/09/Jersey-Fases-Lunares-Lana-Merino-Crisálida.jpg,https://crisalidadesigner.com/wp-content/uploads/2017/09/Jersey-Fases-Lunares-Lana-Merino-Crisálida2.jpg,https://crisalidadesigner.com/wp-content/uploads/2020/10/Medidas-Jersey-Fases-Lunares-Negro-Crisalida-scaled.jpg",None,2,0
Bufanda Reversible Fases Lunares,"<span class=""sku"">BufandaLunas</span>","49,00€",,"Bufanda grande y larga de lana de merino. Por un lado es de color azul con las lunas de colores y por el otro lado de colores con las lunas azules. Una bufanda reversible para que te la pongas por el lado que más te gusta. Inspirada en las fases lunares y en todas sus formas; crecientes, menguantes, nuevas y llenas.","https://crisalidadesigner.com/wp-content/uploads/2020/09/Bufanda-Fases-Lunares-Crisalida-Negra-y-colores4-scaled.jpg,https://crisalidadesigner.com/wp-content/uploads/2020/09/Bufanda-Fases-Lunares-Crisalida-Negra-y-colores3-scaled.jpg,https://crisalidadesigner.com/wp-content/uploads/2020/09/Bufanda-Fases-Lunares-Crisalida-Negra-y-colores5.jpg"
Jersey Paisaje Atardecer,"<span class=""sku"">N/D</span>","129,00€",,"El jersey paisaje atardecer es muy cómodo. Es de cuello medio-alto y con manga ranglán. En varios colores, inspirado en los atardeceres de verano. Es de lana de merino para que no pases frío, porque la lana de merino se adapta a la temperatura de tu cuerpo. Además es un material que dura años, para que tus prendas formen parte de tu vida y de tu historia. Para que estos paisajes, formen parte de los tuyos. De tus fotografías y sobre todo de tus recuerdos.","https://crisalidadesigner.com/wp-content/uploads/2019/08/Jersey-Atardecer-Colección-2019-Paisajes-Lana-Merino-Crisálida.jpg,https://crisalidadesigner.com/wp-content/uploads/2019/08/Jersey-Atardecer-Colección-2019-Paisajes-Lana-Merino-Crisálida1.jpg,https://crisalidadesigner.com/wp-content/uploads/2019/08/Jersey-Atardecer-Colección-2019-Paisajes-Lana-Merino-Crisálida2.jpg,https://crisalidadesigner.com/wp-content/uploads/2019/08/Jersey-Atardecer-Colección-2019-Paisajes-Lana-Merino-Crisálida3.jpg,https://crisalidadesigner.com/wp-content/uploads/2019/08/Jersey-Atardecer-Colección-Paisajes-Lana-Merino-Crisálida3.jpg",None,1,0
Jersey Paisaje Atardecer,"<span class=""sku"">N/D</span>","129,00€",,"El jersey paisaje atardecer es muy cómodo. Es de cuello medio-alto y con manga ranglán. En varios colores, inspirado en los atardeceres de verano. Es de lana de merino para que no pases frío, porque la lana de merino se adapta a la temperatura de tu cuerpo. Además es un material que dura años, para que tus prendas formen parte de tu vida y de tu historia. Para que estos paisajes, formen parte de los tuyos. De tus fotografías y sobre todo de tus recuerdos.","https://crisalidadesigner.com/wp-content/uploads/2019/08/Jersey-Atardecer-Colección-2019-Paisajes-Lana-Merino-Crisálida.jpg,https://crisalidadesigner.com/wp-content/uploads/2019/08/Jersey-Atardecer-Colección-2019-Paisajes-Lana-Merino-Crisálida1.jpg,https://crisalidadesigner.com/wp-content/uploads/2019/08/Jersey-Atardecer-Colección-2019-Paisajes-Lana-Merino-Crisálida2.jpg,https://crisalidadesigner.com/wp-content/uploads/2019/08/Jersey-Atardecer-Colección-2019-Paisajes-Lana-Merino-Crisálida3.jpg,https://crisalidadesigner.com/wp-content/uploads/2019/08/Jersey-Atardecer-Colección-Paisajes-Lana-Merino-Crisálida3.jpg",None,2,1
Chaqueta Luna y Estrellas de color mostaza y azul,"<span class=""sku"">ChaquetaLunaEstrellas</span>","120,00€",,"En esta colección he querido inspirarme en el universo, los orígenes, las estrellas, la luna… Una colección de punto en la que nos sentimos como cuando miramos las estrellas y a los cuerpos celestes. Es como mirar al pasado porque la mayoría de ellas están a años luz. Hemos querido mirar atrás y regresar al Big Bang cuando estalló todo, el mayor caos y la mayor belleza de la historia. A cuando empezó a nacer la creatividad como con las Líneas de Nazca. O a los tiempos donde los hombres y las mujeres pasaban las horas mirando al cielo y aprendiendo de sus antepasados las estrellas. Y todo esto contemplado por nuestra gran luna, y todas sus fases, de ahí QUÉDATE LUNA. Porque nuestra pasión por el universo nos ha motivado para crear esta colección, porque somos polvo de estrellas y hemos cogido unas poquitas para hacer éstas prendas en las que hemos puesto toda nuestra ilusión y creatividad. La hemos llenado de magia y esperamos que te llegue un poco.","https://crisalidadesigner.com/wp-content/uploads/2017/09/Chaquetas-Lunas-y-estrellas-Lana-Merino-Mostaza-Azul-Crisálida1.jpg,https://crisalidadesigner.com/wp-content/uploads/2017/09/Chaquetas-lunas-y-estrellas-Crisalida5-scaled.jpg,https://crisalidadesigner.com/wp-content/uploads/2017/09/Chaquetas-lunas-y-estrellas-Crisalida4-scaled.jpg,https://crisalidadesigner.com/wp-content/uploads/2017/09/Chaquetas-lunas-y-estrellas-Crisalida3-scaled.jpg,https://crisalidadesigner.com/wp-content/uploads/2017/09/Chaqueta-Luna-Estrellas-Crisálida3.jpg,https://crisalidadesigner.com/wp-content/uploads/2017/09/Chaqueta-azul-DETALLE-Crisálida1.jpg,https://crisalidadesigner.com/wp-content/uploads/2019/08/Medidas-Colección-QUÉDATE-LUNA-1.jpg",mostaza,Talla Única,0
Chaqueta Luna y Estrellas de color mostaza y azul,"<span class=""sku"">ChaquetaLunaEstrellas</span>","120,00€",,"En esta colección he querido inspirarme en el universo, los orígenes, las estrellas, la luna… Una colección de punto en la que nos sentimos como cuando miramos las estrellas y a los cuerpos celestes. Es como mirar al pasado porque la mayoría de ellas están a años luz. Hemos querido mirar atrás y regresar al Big Bang cuando estalló todo, el mayor caos y la mayor belleza de la historia. A cuando empezó a nacer la creatividad como con las Líneas de Nazca. O a los tiempos donde los hombres y las mujeres pasaban las horas mirando al cielo y aprendiendo de sus antepasados las estrellas. Y todo esto contemplado por nuestra gran luna, y todas sus fases, de ahí QUÉDATE LUNA. Porque nuestra pasión por el universo nos ha motivado para crear esta colección, porque somos polvo de estrellas y hemos cogido unas poquitas para hacer éstas prendas en las que hemos puesto toda nuestra ilusión y creatividad. La hemos llenado de magia y esperamos que te llegue un poco.","https://crisalidadesigner.com/wp-content/uploads/2017/09/Chaquetas-Lunas-y-estrellas-Lana-Merino-Mostaza-Azul-Crisálida1.jpg,https://crisalidadesigner.com/wp-content/uploads/2017/09/Chaquetas-lunas-y-estrellas-Crisalida5-scaled.jpg,https://crisalidadesigner.com/wp-content/uploads/2017/09/Chaquetas-lunas-y-estrellas-Crisalida4-scaled.jpg,https://crisalidadesigner.com/wp-content/uploads/2017/09/Chaquetas-lunas-y-estrellas-Crisalida3-scaled.jpg,https://crisalidadesigner.com/wp-content/uploads/2017/09/Chaqueta-Luna-Estrellas-Crisálida3.jpg,https://crisalidadesigner.com/wp-content/uploads/2017/09/Chaqueta-azul-DETALLE-Crisálida1.jpg,https://crisalidadesigner.com/wp-content/uploads/2019/08/Medidas-Colección-QUÉDATE-LUNA-1.jpg",azul,Talla Única,1
Camiseta “Juntas es mejor.” Azul,"<span class=""sku"">N/D</span>","42,00€","35,00€",Camiseta “Juntas es mejor”. Es de 100% Algodón Peinado Orgánico. De color azul y está bordada también con hilo azul.,"https://crisalidadesigner.com/wp-content/uploads/2020/02/Camiseta-Algodón-Orgánico-Azul-Juntasesmejor-scaled.jpg,https://crisalidadesigner.com/wp-content/uploads/2020/03/Camiseta-Algodón-Orgánico-Azul-Juntasesmejor1-Crisálida-scaled.jpg,https://crisalidadesigner.com/wp-content/uploads/2020/03/Camisetas-Algodón-Orgánico-Juntasesmejor-Crisálida1-scaled.jpg,https://crisalidadesigner.com/wp-content/uploads/2020/03/Camisetas-Algodón-Orgánico-Juntasesmejor-Crisálida-scaled.jpg,https://crisalidadesigner.com/wp-content/uploads/2020/03/Camiseta-Bordada-Azul-Crisálida-scaled.jpg,https://crisalidadesigner.com/wp-content/uploads/2020/03/Medidas-Camisetas-Juntasesmejor-Crisálida3-scaled.jpg",None,talla-xl,30
Camiseta “Juntas es mejor.” Azul,"<span class=""sku"">N/D</span>","42,00€","35,00€",Camiseta “Juntas es mejor”. Es de 100% Algodón Peinado Orgánico. De color azul y está bordada también con hilo azul.,"https://crisalidadesigner.com/wp-content/uploads/2020/02/Camiseta-Algodón-Orgánico-Azul-Juntasesmejor-scaled.jpg,https://crisalidadesigner.com/wp-content/uploads/2020/03/Camiseta-Algodón-Orgánico-Azul-Juntasesmejor1-Crisálida-scaled.jpg,https://crisalidadesigner.com/wp-content/uploads/2020/03/Camisetas-Algodón-Orgánico-Juntasesmejor-Crisálida1-scaled.jpg,https://crisalidadesigner.com/wp-content/uploads/2020/03/Camisetas-Algodón-Orgánico-Juntasesmejor-Crisálida-scaled.jpg,https://crisalidadesigner.com/wp-content/uploads/2020/03/Camiseta-Bordada-Azul-Crisálida-scaled.jpg,https://crisalidadesigner.com/wp-content/uploads/2020/03/Medidas-Camisetas-Juntasesmejor-Crisálida3-scaled.jpg",None,talla-xs,30
Camiseta “Juntas es mejor.” Azul,"<span class=""sku"">N/D</span>","42,00€","35,00€",Camiseta “Juntas es mejor”. Es de 100% Algodón Peinado Orgánico. De color azul y está bordada también con hilo azul.,"https://crisalidadesigner.com/wp-content/uploads/2020/02/Camiseta-Algodón-Orgánico-Azul-Juntasesmejor-scaled.jpg,https://crisalidadesigner.com/wp-content/uploads/2020/03/Camiseta-Algodón-Orgánico-Azul-Juntasesmejor1-Crisálida-scaled.jpg,https://crisalidadesigner.com/wp-content/uploads/2020/03/Camisetas-Algodón-Orgánico-Juntasesmejor-Crisálida1-scaled.jpg,https://crisalidadesigner.com/wp-content/uploads/2020/03/Camisetas-Algodón-Orgánico-Juntasesmejor-Crisálida-scaled.jpg,https://crisalidadesigner.com/wp-content/uploads/2020/03/Camiseta-Bordada-Azul-Crisálida-scaled.jpg,https://crisalidadesigner.com/wp-content/uploads/2020/03/Medidas-Camisetas-Juntasesmejor-Crisálida3-scaled.jpg",None,talla-s,30
Camiseta “Juntas es mejor.” Azul,"<span class=""sku"">N/D</span>","42,00€","35,00€",Camiseta “Juntas es mejor”. Es de 100% Algodón Peinado Orgánico. De color azul y está bordada también con hilo azul.,"https://crisalidadesigner.com/wp-content/uploads/2020/02/Camiseta-Algodón-Orgánico-Azul-Juntasesmejor-scaled.jpg,https://crisalidadesigner.com/wp-content/uploads/2020/03/Camiseta-Algodón-Orgánico-Azul-Juntasesmejor1-Crisálida-scaled.jpg,https://crisalidadesigner.com/wp-content/uploads/2020/03/Camisetas-Algodón-Orgánico-Juntasesmejor-Crisálida1-scaled.jpg,https://crisalidadesigner.com/wp-content/uploads/2020/03/Camisetas-Algodón-Orgánico-Juntasesmejor-Crisálida-scaled.jpg,https://crisalidadesigner.com/wp-content/uploads/2020/03/Camiseta-Bordada-Azul-Crisálida-scaled.jpg,https://crisalidadesigner.com/wp-content/uploads/2020/03/Medidas-Camisetas-Juntasesmejor-Crisálida3-scaled.jpg",None,talla-m,30
Camiseta “Juntas es mejor.” Azul,"<span class=""sku"">N/D</span>","42,00€","35,00€",Camiseta “Juntas es mejor”. Es de 100% Algodón Peinado Orgánico. De color azul y está bordada también con hilo azul.,"https://crisalidadesigner.com/wp-content/uploads/2020/02/Camiseta-Algodón-Orgánico-Azul-Juntasesmejor-scaled.jpg,https://crisalidadesigner.com/wp-content/uploads/2020/03/Camiseta-Algodón-Orgánico-Azul-Juntasesmejor1-Crisálida-scaled.jpg,https://crisalidadesigner.com/wp-content/uploads/2020/03/Camisetas-Algodón-Orgánico-Juntasesmejor-Crisálida1-scaled.jpg,https://crisalidadesigner.com/wp-content/uploads/2020/03/Camisetas-Algodón-Orgánico-Juntasesmejor-Crisálida-scaled.jpg,https://crisalidadesigner.com/wp-content/uploads/2020/03/Camiseta-Bordada-Azul-Crisálida-scaled.jpg,https://crisalidadesigner.com/wp-content/uploads/2020/03/Medidas-Camisetas-Juntasesmejor-Crisálida3-scaled.jpg",None,talla-l,30
Camiseta “Juntas es mejor.” Azul,"<span class=""sku"">N/D</span>","42,00€","35,00€",Camiseta “Juntas es mejor”. Es de 100% Algodón Peinado Orgánico. De color azul y está bordada también con hilo azul.,"https://crisalidadesigner.com/wp-content/uploads/2020/02/Camiseta-Algodón-Orgánico-Azul-Juntasesmejor-scaled.jpg,https://crisalidadesigner.com/wp-content/uploads/2020/03/Camiseta-Algodón-Orgánico-Azul-Juntasesmejor1-Crisálida-scaled.jpg,https://crisalidadesigner.com/wp-content/uploads/2020/03/Camisetas-Algodón-Orgánico-Juntasesmejor-Crisálida1-scaled.jpg,https://crisalidadesigner.com/wp-content/uploads/2020/03/Camisetas-Algodón-Orgánico-Juntasesmejor-Crisálida-scaled.jpg,https://crisalidadesigner.com/wp-content/uploads/2020/03/Camiseta-Bordada-Azul-Crisálida-scaled.jpg,https://crisalidadesigner.com/wp-content/uploads/2020/03/Medidas-Camisetas-Juntasesmejor-Crisálida3-scaled.jpg",None,talla-xxl,30
Camiseta “Juntas es mejor.” Mostaza,"<span class=""sku"">N/D</span>","42,00€","35,00€",Camiseta “Juntas es mejor”. Es de 100% Algodón Peinado Orgánico. De color mostaza y está bordada con hilo verde.,"https://crisalidadesigner.com/wp-content/uploads/2020/02/Camiseta-Algodón-Orgánico-Mostaza-Juntasesmejor-scaled.jpg,https://crisalidadesigner.com/wp-content/uploads/2020/03/Camiseta-Algodón-Orgánico-Mostaza-Juntasesmejor1-Crisálida-scaled.jpg,https://crisalidadesigner.com/wp-content/uploads/2020/03/Camisetas-Algodón-Orgánico-Juntasesmejor-Crisálida1-scaled.jpg,https://crisalidadesigner.com/wp-content/uploads/2020/03/Camisetas-Algodón-Orgánico-Juntasesmejor-Crisálida-scaled.jpg,https://crisalidadesigner.com/wp-content/uploads/2020/03/Camiseta-Bordada-Mostaza-Crisálida-scaled.jpg,https://crisalidadesigner.com/wp-content/uploads/2020/03/Medidas-Camisetas-Juntasesmejor-Crisálida1-scaled.jpg",None,talla-xs,30
Camiseta “Juntas es mejor.” Mostaza,"<span class=""sku"">N/D</span>","42,00€","35,00€",Camiseta “Juntas es mejor”. Es de 100% Algodón Peinado Orgánico. De color mostaza y está bordada con hilo verde.,"https://crisalidadesigner.com/wp-content/uploads/2020/02/Camiseta-Algodón-Orgánico-Mostaza-Juntasesmejor-scaled.jpg,https://crisalidadesigner.com/wp-content/uploads/2020/03/Camiseta-Algodón-Orgánico-Mostaza-Juntasesmejor1-Crisálida-scaled.jpg,https://crisalidadesigner.com/wp-content/uploads/2020/03/Camisetas-Algodón-Orgánico-Juntasesmejor-Crisálida1-scaled.jpg,https://crisalidadesigner.com/wp-content/uploads/2020/03/Camisetas-Algodón-Orgánico-Juntasesmejor-Crisálida-scaled.jpg,https://crisalidadesigner.com/wp-content/uploads/2020/03/Camiseta-Bordada-Mostaza-Crisálida-scaled.jpg,https://crisalidadesigner.com/wp-content/uploads/2020/03/Medidas-Camisetas-Juntasesmejor-Crisálida1-scaled.jpg",None,talla-s,1
Camiseta “Juntas es mejor.” Mostaza,"<span class=""sku"">N/D</span>","42,00€","35,00€",Camiseta “Juntas es mejor”. Es de 100% Algodón Peinado Orgánico. De color mostaza y está bordada con hilo verde.,"https://crisalidadesigner.com/wp-content/uploads/2020/02/Camiseta-Algodón-Orgánico-Mostaza-Juntasesmejor-scaled.jpg,https://crisalidadesigner.com/wp-content/uploads/2020/03/Camiseta-Algodón-Orgánico-Mostaza-Juntasesmejor1-Crisálida-scaled.jpg,https://crisalidadesigner.com/wp-content/uploads/2020/03/Camisetas-Algodón-Orgánico-Juntasesmejor-Crisálida1-scaled.jpg,https://crisalidadesigner.com/wp-content/uploads/2020/03/Camisetas-Algodón-Orgánico-Juntasesmejor-Crisálida-scaled.jpg,https://crisalidadesigner.com/wp-content/uploads/2020/03/Camiseta-Bordada-Mostaza-Crisálida-scaled.jpg,https://crisalidadesigner.com/wp-content/uploads/2020/03/Medidas-Camisetas-Juntasesmejor-Crisálida1-scaled.jpg",None,talla-m,1
Camiseta “Juntas es mejor.” Mostaza,"<span class=""sku"">N/D</span>","42,00€","35,00€",Camiseta “Juntas es mejor”. Es de 100% Algodón Peinado Orgánico. De color mostaza y está bordada con hilo verde.,"https://crisalidadesigner.com/wp-content/uploads/2020/02/Camiseta-Algodón-Orgánico-Mostaza-Juntasesmejor-scaled.jpg,https://crisalidadesigner.com/wp-content/uploads/2020/03/Camiseta-Algodón-Orgánico-Mostaza-Juntasesmejor1-Crisálida-scaled.jpg,https://crisalidadesigner.com/wp-content/uploads/2020/03/Camisetas-Algodón-Orgánico-Juntasesmejor-Crisálida1-scaled.jpg,https://crisalidadesigner.com/wp-content/uploads/2020/03/Camisetas-Algodón-Orgánico-Juntasesmejor-Crisálida-scaled.jpg,https://crisalidadesigner.com/wp-content/uploads/2020/03/Camiseta-Bordada-Mostaza-Crisálida-scaled.jpg,https://crisalidadesigner.com/wp-content/uploads/2020/03/Medidas-Camisetas-Juntasesmejor-Crisálida1-scaled.jpg",None,talla-l,30
Camiseta “Juntas es mejor.” Mostaza,"<span class=""sku"">N/D</span>","42,00€","35,00€",Camiseta “Juntas es mejor”. Es de 100% Algodón Peinado Orgánico. De color mostaza y está bordada con hilo verde.,"https://crisalidadesigner.com/wp-content/uploads/2020/02/Camiseta-Algodón-Orgánico-Mostaza-Juntasesmejor-scaled.jpg,https://crisalidadesigner.com/wp-content/uploads/2020/03/Camiseta-Algodón-Orgánico-Mostaza-Juntasesmejor1-Crisálida-scaled.jpg,https://crisalidadesigner.com/wp-content/uploads/2020/03/Camisetas-Algodón-Orgánico-Juntasesmejor-Crisálida1-scaled.jpg,https://crisalidadesigner.com/wp-content/uploads/2020/03/Camisetas-Algodón-Orgánico-Juntasesmejor-Crisálida-scaled.jpg,https://crisalidadesigner.com/wp-content/uploads/2020/03/Camiseta-Bordada-Mostaza-Crisálida-scaled.jpg,https://crisalidadesigner.com/wp-content/uploads/2020/03/Medidas-Camisetas-Juntasesmejor-Crisálida1-scaled.jpg",None,talla-xl,30
Camiseta “Juntas es mejor.” Mostaza,"<span class=""sku"">N/D</span>","42,00€","35,00€",Camiseta “Juntas es mejor”. Es de 100% Algodón Peinado Orgánico. De color mostaza y está bordada con hilo verde.,"https://crisalidadesigner.com/wp-content/uploads/2020/02/Camiseta-Algodón-Orgánico-Mostaza-Juntasesmejor-scaled.jpg,https://crisalidadesigner.com/wp-content/uploads/2020/03/Camiseta-Algodón-Orgánico-Mostaza-Juntasesmejor1-Crisálida-scaled.jpg,https://crisalidadesigner.com/wp-content/uploads/2020/03/Camisetas-Algodón-Orgánico-Juntasesmejor-Crisálida1-scaled.jpg,https://crisalidadesigner.com/wp-content/uploads/2020/03/Camisetas-Algodón-Orgánico-Juntasesmejor-Crisálida-scaled.jpg,https://crisalidadesigner.com/wp-content/uploads/2020/03/Camiseta-Bordada-Mostaza-Crisálida-scaled.jpg,https://crisalidadesigner.com/wp-content/uploads/2020/03/Medidas-Camisetas-Juntasesmejor-Crisálida1-scaled.jpg",None,talla-xxl,30
Camiseta “Juntas es mejor.” Rosa,"<span class=""sku"">N/D</span>","42,00€","35,00€",Camiseta “Juntas es mejor”. Es de 100% Algodón Peinado Orgánico. De color rosa y está bordada con hilo azul.,"https://crisalidadesigner.com/wp-content/uploads/2020/02/Camiseta-Algodón-Orgánico-Rosa-Juntasesmejor.jpg,https://crisalidadesigner.com/wp-content/uploads/2020/03/Camiseta-Algodón-Orgánico-Rosa-Juntasesmejor1-Crisálida-scaled.jpg,https://crisalidadesigner.com/wp-content/uploads/2020/03/Camisetas-Algodón-Orgánico-Juntasesmejor-Crisálida1-scaled.jpg,https://crisalidadesigner.com/wp-content/uploads/2020/03/Camisetas-Algodón-Orgánico-Juntasesmejor-Crisálida-scaled.jpg,https://crisalidadesigner.com/wp-content/uploads/2020/03/Camiseta-Bordada-Rosa-Crisálida.jpg,https://crisalidadesigner.com/wp-content/uploads/2020/03/Medidas-Camisetas-Juntasesmejor-Crisálida-scaled.jpg",None,talla-xl,30
Camiseta “Juntas es mejor.” Rosa,"<span class=""sku"">N/D</span>","42,00€","35,00€",Camiseta “Juntas es mejor”. Es de 100% Algodón Peinado Orgánico. De color rosa y está bordada con hilo azul.,"https://crisalidadesigner.com/wp-content/uploads/2020/02/Camiseta-Algodón-Orgánico-Rosa-Juntasesmejor.jpg,https://crisalidadesigner.com/wp-content/uploads/2020/03/Camiseta-Algodón-Orgánico-Rosa-Juntasesmejor1-Crisálida-scaled.jpg,https://crisalidadesigner.com/wp-content/uploads/2020/03/Camisetas-Algodón-Orgánico-Juntasesmejor-Crisálida1-scaled.jpg,https://crisalidadesigner.com/wp-content/uploads/2020/03/Camisetas-Algodón-Orgánico-Juntasesmejor-Crisálida-scaled.jpg,https://crisalidadesigner.com/wp-content/uploads/2020/03/Camiseta-Bordada-Rosa-Crisálida.jpg,https://crisalidadesigner.com/wp-content/uploads/2020/03/Medidas-Camisetas-Juntasesmejor-Crisálida-scaled.jpg",None,talla-s,30
Camiseta “Juntas es mejor.” Rosa,"<span class=""sku"">N/D</span>","42,00€","35,00€",Camiseta “Juntas es mejor”. Es de 100% Algodón Peinado Orgánico. De color rosa y está bordada con hilo azul.,"https://crisalidadesigner.com/wp-content/uploads/2020/02/Camiseta-Algodón-Orgánico-Rosa-Juntasesmejor.jpg,https://crisalidadesigner.com/wp-content/uploads/2020/03/Camiseta-Algodón-Orgánico-Rosa-Juntasesmejor1-Crisálida-scaled.jpg,https://crisalidadesigner.com/wp-content/uploads/2020/03/Camisetas-Algodón-Orgánico-Juntasesmejor-Crisálida1-scaled.jpg,https://crisalidadesigner.com/wp-content/uploads/2020/03/Camisetas-Algodón-Orgánico-Juntasesmejor-Crisálida-scaled.jpg,https://crisalidadesigner.com/wp-content/uploads/2020/03/Camiseta-Bordada-Rosa-Crisálida.jpg,https://crisalidadesigner.com/wp-content/uploads/2020/03/Medidas-Camisetas-Juntasesmejor-Crisálida-scaled.jpg",None,talla-xxl,30
Camiseta “Juntas es mejor.” Rosa,"<span class=""sku"">N/D</span>","42,00€","35,00€",Camiseta “Juntas es mejor”. Es de 100% Algodón Peinado Orgánico. De color rosa y está bordada con hilo azul.,"https://crisalidadesigner.com/wp-content/uploads/2020/02/Camiseta-Algodón-Orgánico-Rosa-Juntasesmejor.jpg,https://crisalidadesigner.com/wp-content/uploads/2020/03/Camiseta-Algodón-Orgánico-Rosa-Juntasesmejor1-Crisálida-scaled.jpg,https://crisalidadesigner.com/wp-content/uploads/2020/03/Camisetas-Algodón-Orgánico-Juntasesmejor-Crisálida1-scaled.jpg,https://crisalidadesigner.com/wp-content/uploads/2020/03/Camisetas-Algodón-Orgánico-Juntasesmejor-Crisálida-scaled.jpg,https://crisalidadesigner.com/wp-content/uploads/2020/03/Camiseta-Bordada-Rosa-Crisálida.jpg,https://crisalidadesigner.com/wp-content/uploads/2020/03/Medidas-Camisetas-Juntasesmejor-Crisálida-scaled.jpg",None,talla-xs,0
Camiseta “Juntas es mejor.” Rosa,"<span class=""sku"">N/D</span>","42,00€","35,00€",Camiseta “Juntas es mejor”. Es de 100% Algodón Peinado Orgánico. De color rosa y está bordada con hilo azul.,"https://crisalidadesigner.com/wp-content/uploads/2020/02/Camiseta-Algodón-Orgánico-Rosa-Juntasesmejor.jpg,https://crisalidadesigner.com/wp-content/uploads/2020/03/Camiseta-Algodón-Orgánico-Rosa-Juntasesmejor1-Crisálida-scaled.jpg,https://crisalidadesigner.com/wp-content/uploads/2020/03/Camisetas-Algodón-Orgánico-Juntasesmejor-Crisálida1-scaled.jpg,https://crisalidadesigner.com/wp-content/uploads/2020/03/Camisetas-Algodón-Orgánico-Juntasesmejor-Crisálida-scaled.jpg,https://crisalidadesigner.com/wp-content/uploads/2020/03/Camiseta-Bordada-Rosa-Crisálida.jpg,https://crisalidadesigner.com/wp-content/uploads/2020/03/Medidas-Camisetas-Juntasesmejor-Crisálida-scaled.jpg",None,talla-m,0
Camiseta “Juntas es mejor.” Rosa,"<span class=""sku"">N/D</span>","42,00€","35,00€",Camiseta “Juntas es mejor”. Es de 100% Algodón Peinado Orgánico. De color rosa y está bordada con hilo azul.,"https://crisalidadesigner.com/wp-content/uploads/2020/02/Camiseta-Algodón-Orgánico-Rosa-Juntasesmejor.jpg,https://crisalidadesigner.com/wp-content/uploads/2020/03/Camiseta-Algodón-Orgánico-Rosa-Juntasesmejor1-Crisálida-scaled.jpg,https://crisalidadesigner.com/wp-content/uploads/2020/03/Camisetas-Algodón-Orgánico-Juntasesmejor-Crisálida1-scaled.jpg,https://crisalidadesigner.com/wp-content/uploads/2020/03/Camisetas-Algodón-Orgánico-Juntasesmejor-Crisálida-scaled.jpg,https://crisalidadesigner.com/wp-content/uploads/2020/03/Camiseta-Bordada-Rosa-Crisálida.jpg,https://crisalidadesigner.com/wp-content/uploads/2020/03/Medidas-Camisetas-Juntasesmejor-Crisálida-scaled.jpg",None,talla-l,30
Camiseta “Juntas es mejor.” Verde,"<span class=""sku"">N/D</span>","42,00€","35,00€",Camiseta “Juntas es mejor”. Es de 100% Algodón Peinado Orgánico. De color verde y está bordada con hilo rosa.,"https://crisalidadesigner.com/wp-content/uploads/2020/02/Camiseta-Algodón-Orgánico-Verde-Juntasesmejor-scaled.jpg,https://crisalidadesigner.com/wp-content/uploads/2020/03/Camiseta-Algodón-Orgánico-Verde-Juntasesmejor2-Crisálida-scaled.jpg,https://crisalidadesigner.com/wp-content/uploads/2020/03/Camisetas-Algodón-Orgánico-Juntasesmejor-Crisálida1-scaled.jpg,https://crisalidadesigner.com/wp-content/uploads/2020/03/Camisetas-Algodón-Orgánico-Juntasesmejor-Crisálida-scaled.jpg,https://crisalidadesigner.com/wp-content/uploads/2020/03/Medidas-Camisetas-Juntasesmejor-Crisálida2-scaled.jpg",None,talla-xs,1
Camiseta “Juntas es mejor.” Verde,"<span class=""sku"">N/D</span>","42,00€","35,00€",Camiseta “Juntas es mejor”. Es de 100% Algodón Peinado Orgánico. De color verde y está bordada con hilo rosa.,"https://crisalidadesigner.com/wp-content/uploads/2020/02/Camiseta-Algodón-Orgánico-Verde-Juntasesmejor-scaled.jpg,https://crisalidadesigner.com/wp-content/uploads/2020/03/Camiseta-Algodón-Orgánico-Verde-Juntasesmejor2-Crisálida-scaled.jpg,https://crisalidadesigner.com/wp-content/uploads/2020/03/Camisetas-Algodón-Orgánico-Juntasesmejor-Crisálida1-scaled.jpg,https://crisalidadesigner.com/wp-content/uploads/2020/03/Camisetas-Algodón-Orgánico-Juntasesmejor-Crisálida-scaled.jpg,https://crisalidadesigner.com/wp-content/uploads/2020/03/Medidas-Camisetas-Juntasesmejor-Crisálida2-scaled.jpg",None,talla-s,30
Camiseta “Juntas es mejor.” Verde,"<span class=""sku"">N/D</span>","42,00€","35,00€",Camiseta “Juntas es mejor”. Es de 100% Algodón Peinado Orgánico. De color verde y está bordada con hilo rosa.,"https://crisalidadesigner.com/wp-content/uploads/2020/02/Camiseta-Algodón-Orgánico-Verde-Juntasesmejor-scaled.jpg,https://crisalidadesigner.com/wp-content/uploads/2020/03/Camiseta-Algodón-Orgánico-Verde-Juntasesmejor2-Crisálida-scaled.jpg,https://crisalidadesigner.com/wp-content/uploads/2020/03/Camisetas-Algodón-Orgánico-Juntasesmejor-Crisálida1-scaled.jpg,https://crisalidadesigner.com/wp-content/uploads/2020/03/Camisetas-Algodón-Orgánico-Juntasesmejor-Crisálida-scaled.jpg,https://crisalidadesigner.com/wp-content/uploads/2020/03/Medidas-Camisetas-Juntasesmejor-Crisálida2-scaled.jpg",None,talla-m,0
Camiseta “Juntas es mejor.” Verde,"<span class=""sku"">N/D</span>","42,00€","35,00€",Camiseta “Juntas es mejor”. Es de 100% Algodón Peinado Orgánico. De color verde y está bordada con hilo rosa.,"https://crisalidadesigner.com/wp-content/uploads/2020/02/Camiseta-Algodón-Orgánico-Verde-Juntasesmejor-scaled.jpg,https://crisalidadesigner.com/wp-content/uploads/2020/03/Camiseta-Algodón-Orgánico-Verde-Juntasesmejor2-Crisálida-scaled.jpg,https://crisalidadesigner.com/wp-content/uploads/2020/03/Camisetas-Algodón-Orgánico-Juntasesmejor-Crisálida1-scaled.jpg,https://crisalidadesigner.com/wp-content/uploads/2020/03/Camisetas-Algodón-Orgánico-Juntasesmejor-Crisálida-scaled.jpg,https://crisalidadesigner.com/wp-content/uploads/2020/03/Medidas-Camisetas-Juntasesmejor-Crisálida2-scaled.jpg",None,talla-l,30
Camiseta “Juntas es mejor.” Verde,"<span class=""sku"">N/D</span>","42,00€","35,00€",Camiseta “Juntas es mejor”. Es de 100% Algodón Peinado Orgánico. De color verde y está bordada con hilo rosa.,"https://crisalidadesigner.com/wp-content/uploads/2020/02/Camiseta-Algodón-Orgánico-Verde-Juntasesmejor-scaled.jpg,https://crisalidadesigner.com/wp-content/uploads/2020/03/Camiseta-Algodón-Orgánico-Verde-Juntasesmejor2-Crisálida-scaled.jpg,https://crisalidadesigner.com/wp-content/uploads/2020/03/Camisetas-Algodón-Orgánico-Juntasesmejor-Crisálida1-scaled.jpg,https://crisalidadesigner.com/wp-content/uploads/2020/03/Camisetas-Algodón-Orgánico-Juntasesmejor-Crisálida-scaled.jpg,https://crisalidadesigner.com/wp-content/uploads/2020/03/Medidas-Camisetas-Juntasesmejor-Crisálida2-scaled.jpg",None,talla-xl,30
Camiseta “Juntas es mejor.” Verde,"<span class=""sku"">N/D</span>","42,00€","35,00€",Camiseta “Juntas es mejor”. Es de 100% Algodón Peinado Orgánico. De color verde y está bordada con hilo rosa.,"https://crisalidadesigner.com/wp-content/uploads/2020/02/Camiseta-Algodón-Orgánico-Verde-Juntasesmejor-scaled.jpg,https://crisalidadesigner.com/wp-content/uploads/2020/03/Camiseta-Algodón-Orgánico-Verde-Juntasesmejor2-Crisálida-scaled.jpg,https://crisalidadesigner.com/wp-content/uploads/2020/03/Camisetas-Algodón-Orgánico-Juntasesmejor-Crisálida1-scaled.jpg,https://crisalidadesigner.com/wp-content/uploads/2020/03/Camisetas-Algodón-Orgánico-Juntasesmejor-Crisálida-scaled.jpg,https://crisalidadesigner.com/wp-content/uploads/2020/03/Medidas-Camisetas-Juntasesmejor-Crisálida2-scaled.jpg",None,talla-xxl,1
Calcetines Paisaje Noche,,"12,00€",,"Los calcetines de la nueva colección están inspirados en diferentes paisajes. Unos calcetines para que tengas el mundo en tus pies, a tus pies. Para teletransportarte a la naturaleza. Para que corras, saltes, bailes, sueñes, mires, sientas, rías. Y sobre todo VIVAS muchas aventuras con ellos.","https://crisalidadesigner.com/wp-content/uploads/2019/08/Calcetines-Paisajes-Noche-Crisálida3.jpg,https://crisalidadesigner.com/wp-content/uploads/2019/08/Calcetines-Paisajes-Noche-Crisálida4.jpg,https://crisalidadesigner.com/wp-content/uploads/2019/08/Calcetines-Paisajes-Noche-Crisálida2.jpg"
Calcetines Paisaje Arcoiris,,"12,00€",,"Los calcetines de la nueva colección están inspirados en diferentes paisajes. Unos calcetines para que tengas el mundo en tus pies, a tus pies. Para teletransportarte a la naturaleza. Para que corras, saltes, bailes, sueñes, mires, sientas, rías. Y sobre todo VIVAS muchas aventuras con ellos.","https://crisalidadesigner.com/wp-content/uploads/2019/08/Calcetines-Paisajes-Arcoiris-Crisálida7.jpg,https://crisalidadesigner.com/wp-content/uploads/2019/08/Calcetines-Paisajes-Arcoiris-Crisálida4.jpg,https://crisalidadesigner.com/wp-content/uploads/2019/08/Calcetines-Paisajes-Arcoiris-Crisálida2.jpg"
Calcetines Paisaje Desierto,,"12,00€",,"Los calcetines de la nueva colección están inspirados en diferentes paisajes. Unos calcetines para que tengas el mundo en tus pies, a tus pies. Para teletransportarte a la naturaleza. Para que corras, saltes, bailes, sueñes, mires, sientas, rías. Y sobre todo VIVAS muchas aventuras con ellos.","https://crisalidadesigner.com/wp-content/uploads/2019/08/Calcetines-Paisajes-Desierto-Crisálida3.jpg,https://crisalidadesigner.com/wp-content/uploads/2019/08/Calcetines-Paisajes-Desierto-Crisálida4.jpg,https://crisalidadesigner.com/wp-content/uploads/2019/08/Calcetines-Paisajes-Desierto-Crisálida2.jpg"
Poncho Noche Azul,,"159,00€",,"El poncho noche de color azul es muy cómodo. Es amplio y abierto a los lados para ponértelo encima del jersey, o del abrigo. Es de lana de merino para que no pases frío, porque la lana de merino se adapta a la temperatura de tu cuerpo. Además es un material que dura años, para que tus prendas formen parte de tu vida y de tu historia. Para que estos paisajes, formen parte de los tuyos. De tus fotografías y sobre todo de tus recuerdos.","https://crisalidadesigner.com/wp-content/uploads/2019/08/Poncho-Azul-Colección-Paisajes-Lana-Merino-Crisálida1.jpg,https://crisalidadesigner.com/wp-content/uploads/2019/08/Poncho-Azul-Colección-Paisajes-Lana-Merino-Crisálida.jpg,https://crisalidadesigner.com/wp-content/uploads/2019/08/Poncho-Azul-Colección-Paisajes-Lana-Merino-Crisálida2.jpg,https://crisalidadesigner.com/wp-content/uploads/2019/08/Poncho-Azul-Colección-Paisajes-Lana-Merino-Crisálida3.jpg,https://crisalidadesigner.com/wp-content/uploads/2019/08/Ponchos-Paisajes-Crisalida-scaled.jpg,https://crisalidadesigner.com/wp-content/uploads/2019/08/Ponchos-Paisajes-Crisalida2-scaled.jpg,https://crisalidadesigner.com/wp-content/uploads/2019/08/Poncho-Azul-Colección-Paisajes-Lana-Merino-Crisálida4.jpg"
Poncho Día Rojo,,"159,00€",,"El poncho día de color rojo es muy cómodo. Es amplio y abierto a los lados para ponértelo encima del jersey, o del abrigo. Es de lana de merino para que no pases frío, porque la lana de merino se adapta a la temperatura de tu cuerpo. Además es un material que dura años, para que tus prendas formen parte de tu vida y de tu historia. Para que estos paisajes, formen parte de los tuyos. De tus fotografías y sobre todo de tus recuerdos.","https://crisalidadesigner.com/wp-content/uploads/2019/08/Poncho-Rojo-Colección-Paisajes-Lana-Merino-Crisálida1.jpg,https://crisalidadesigner.com/wp-content/uploads/2019/08/Poncho-Rojo-Colección-Paisajes-Lana-Merino-Crisálida.jpg,https://crisalidadesigner.com/wp-content/uploads/2019/08/Poncho-Rojo-Colección-Paisajes-Lana-Merino-Crisálida2.jpg,https://crisalidadesigner.com/wp-content/uploads/2019/08/Poncho-Rojo-Colección-Paisajes-Lana-Crisálida4.jpg,https://crisalidadesigner.com/wp-content/uploads/2019/08/Ponchos-Paisajes-Crisalida-scaled.jpg,https://crisalidadesigner.com/wp-content/uploads/2019/08/Poncho-Rojo-Paisaje-Crisalida-scaled.jpg,https://crisalidadesigner.com/wp-content/uploads/2019/08/Poncho-Rojo-Paisaje-Crisalida1-scaled.jpg,https://crisalidadesigner.com/wp-content/uploads/2019/08/Ponchos-Paisajes-Crisalida2-scaled.jpg,https://crisalidadesigner.com/wp-content/uploads/2019/08/Poncho-Rojo-Colección-Paisajes-Lana-Merino-Crisálida6.jpg"
"Chaqueta horizonte verde, amarilla y rosa",,"159,00€",,"La chaqueta horizonte de varios colores es larga, con bolsillos y con botón de madera de boj de color natural. Es de lana de merino para que no pases frío, porque la lana de merino se adapta a la temperatura de tu cuerpo. Además es un material que dura años, para que tus prendas formen parte de tu vida y de tu historia. Para que estos paisajes, formen parte de los tuyos. De tus fotografías y sobre todo de tus recuerdos.","https://crisalidadesigner.com/wp-content/uploads/2019/08/Chaqueta-Rosa-Verde-Colección-Paisajes-Lana-Merino-Crisálida.jpg,https://crisalidadesigner.com/wp-content/uploads/2019/08/Chaqueta-Rosa-Verde-Colección-Paisajes-Lana-Merino-Crisálida1.jpg,https://crisalidadesigner.com/wp-content/uploads/2019/08/Chaqueta-Rosa-Verde-Colección-Paisajes-Lana-Merino-Crisálida2.jpg,https://crisalidadesigner.com/wp-content/uploads/2019/08/Chaqueta-Rosa-Verde-Colección-Paisajes-Lana-Merino-Crisálida3.jpg,https://crisalidadesigner.com/wp-content/uploads/2019/08/Chaqueta-Rosa-Verde-Colección-Paisajes-Lana-Merino-Crisálida4.jpg"
"Chaqueta horizonte azul, rosa y roja",,"159,00€",,"La chaqueta horizonte de varios colores es larga, con bolsillos y con botón de madera de boj de color natural. Es de lana de merino para que no pases frío, porque la lana de merino se adapta a la temperatura de tu cuerpo. Además es un material que dura años, para que tus prendas formen parte de tu vida y de tu historia. Para que estos paisajes, formen parte de los tuyos. De tus fotografías y sobre todo de tus recuerdos.","https://crisalidadesigner.com/wp-content/uploads/2019/08/Chaqueta-Roja-Azul-Colección-Paisajes-Lana-Merino-Crisálida2.jpg,https://crisalidadesigner.com/wp-content/uploads/2019/08/Chaqueta-Roja-Azul-Colección-Paisajes-Lana-Merino-Crisálida.jpg,https://crisalidadesigner.com/wp-content/uploads/2019/08/Chaqueta-Roja-Azul-Colección-Paisajes-Lana-Merino-Crisálida3.jpg,https://crisalidadesigner.com/wp-content/uploads/2019/08/Chaqueta-Roja-Azul-Colección-Paisajes-Lana-Merino-Crisálida1.jpg,https://crisalidadesigner.com/wp-content/uploads/2019/08/Chaqueta-Roja-Azul-Colección-Paisajes-Lana-Merino-Crisálida4.jpg"
Camiseta “detucuerpocrecenflores” Negra,"<span class=""sku"">N/D</span>","39,00€","26,00€",Camiseta “detucuerpocrecenflores” en color negro. Es de 100% Algodón Peinado Orgánico. Está serigrafiada con tintas ecológicas de base de agua.,"https://crisalidadesigner.com/wp-content/uploads/2019/01/Camiseta-Algodón-Flores-Crisálida7.jpg,https://crisalidadesigner.com/wp-content/uploads/2019/01/Camiseta-Algodón-Flores-Crisálida8.jpg,https://crisalidadesigner.com/wp-content/uploads/2019/01/Medidas-camiseta-Crisálida.jpg",None,S,0
Camiseta “detucuerpocrecenflores” Negra,"<span class=""sku"">N/D</span>","39,00€","26,00€",Camiseta “detucuerpocrecenflores” en color negro. Es de 100% Algodón Peinado Orgánico. Está serigrafiada con tintas ecológicas de base de agua.,"https://crisalidadesigner.com/wp-content/uploads/2019/01/Camiseta-Algodón-Flores-Crisálida7.jpg,https://crisalidadesigner.com/wp-content/uploads/2019/01/Camiseta-Algodón-Flores-Crisálida8.jpg,https://crisalidadesigner.com/wp-content/uploads/2019/01/Medidas-camiseta-Crisálida.jpg",None,M,0
Camiseta “detucuerpocrecenflores” Negra,"<span class=""sku"">N/D</span>","39,00€","26,00€",Camiseta “detucuerpocrecenflores” en color negro. Es de 100% Algodón Peinado Orgánico. Está serigrafiada con tintas ecológicas de base de agua.,"https://crisalidadesigner.com/wp-content/uploads/2019/01/Camiseta-Algodón-Flores-Crisálida7.jpg,https://crisalidadesigner.com/wp-content/uploads/2019/01/Camiseta-Algodón-Flores-Crisálida8.jpg,https://crisalidadesigner.com/wp-content/uploads/2019/01/Medidas-camiseta-Crisálida.jpg",None,L,30
Camiseta “detucuerpocrecenflores” Blanca,"<span class=""sku"">N/D</span>","39,00€",,Camiseta “detucuerpocrecenflores” en color blanco. Es de 100% Algodón Peinado Orgánico. Está serigrafiada con tintas ecológicas de base de agua.,"https://crisalidadesigner.com/wp-content/uploads/2019/01/Camiseta-Algodón-Flores-Crisálida2.jpg,https://crisalidadesigner.com/wp-content/uploads/2019/01/Camiseta-Algodón-Flores-Crisálida3.jpg,https://crisalidadesigner.com/wp-content/uploads/2019/01/Camiseta-Algodón-Flores-Crisálida1.jpg,https://crisalidadesigner.com/wp-content/uploads/2019/01/Camiseta-Algodón-Flores-Crisálida-6.jpg,https://crisalidadesigner.com/wp-content/uploads/2019/01/Camiseta-Algodón-Flores-Crisálida9.jpg,https://crisalidadesigner.com/wp-content/uploads/2019/01/Medidas-camiseta-Crisálida.jpg",None,M,0
Camiseta “detucuerpocrecenflores” Blanca,"<span class=""sku"">N/D</span>","39,00€",,Camiseta “detucuerpocrecenflores” en color blanco. Es de 100% Algodón Peinado Orgánico. Está serigrafiada con tintas ecológicas de base de agua.,"https://crisalidadesigner.com/wp-content/uploads/2019/01/Camiseta-Algodón-Flores-Crisálida2.jpg,https://crisalidadesigner.com/wp-content/uploads/2019/01/Camiseta-Algodón-Flores-Crisálida3.jpg,https://crisalidadesigner.com/wp-content/uploads/2019/01/Camiseta-Algodón-Flores-Crisálida1.jpg,https://crisalidadesigner.com/wp-content/uploads/2019/01/Camiseta-Algodón-Flores-Crisálida-6.jpg,https://crisalidadesigner.com/wp-content/uploads/2019/01/Camiseta-Algodón-Flores-Crisálida9.jpg,https://crisalidadesigner.com/wp-content/uploads/2019/01/Medidas-camiseta-Crisálida.jpg",None,S,0
Camiseta “detucuerpocrecenflores” Blanca,"<span class=""sku"">N/D</span>","39,00€",,Camiseta “detucuerpocrecenflores” en color blanco. Es de 100% Algodón Peinado Orgánico. Está serigrafiada con tintas ecológicas de base de agua.,"https://crisalidadesigner.com/wp-content/uploads/2019/01/Camiseta-Algodón-Flores-Crisálida2.jpg,https://crisalidadesigner.com/wp-content/uploads/2019/01/Camiseta-Algodón-Flores-Crisálida3.jpg,https://crisalidadesigner.com/wp-content/uploads/2019/01/Camiseta-Algodón-Flores-Crisálida1.jpg,https://crisalidadesigner.com/wp-content/uploads/2019/01/Camiseta-Algodón-Flores-Crisálida-6.jpg,https://crisalidadesigner.com/wp-content/uploads/2019/01/Camiseta-Algodón-Flores-Crisálida9.jpg,https://crisalidadesigner.com/wp-content/uploads/2019/01/Medidas-camiseta-Crisálida.jpg",None,L,0
Vestido Galaxias,"<span class=""sku"">N/D</span>","110,00€","55,00€",,"https://crisalidadesigner.com/wp-content/uploads/2018/03/Vestido-Galaxias-Blanco-Aldodón-FRENTE1-Crisálida.jpg,https://crisalidadesigner.com/wp-content/uploads/2018/03/Vestido-Galaxias-Blanco-Aldodón-ESPALDA1-Crisálida.jpg,https://crisalidadesigner.com/wp-content/uploads/2018/03/Vestido-Galaxias-Blanco-Aldodón-ESPALDA-Crisálida.jpg,https://crisalidadesigner.com/wp-content/uploads/2018/04/Vestido-Galaxias-Negro-Colores-Crisálida.jpg,https://crisalidadesigner.com/wp-content/uploads/2018/04/Vestido-Algodón-Negro-Galaxias-FRENTE2-Crisálida.jpg,https://crisalidadesigner.com/wp-content/uploads/2018/04/Vestido-Algodón-Negro-Galaxias-DETALLE-Crisálida.jpg",blanco-crudo,Talla Única,30
Vestido Galaxias,"<span class=""sku"">N/D</span>","110,00€","55,00€",,"https://crisalidadesigner.com/wp-content/uploads/2018/03/Vestido-Galaxias-Blanco-Aldodón-FRENTE1-Crisálida.jpg,https://crisalidadesigner.com/wp-content/uploads/2018/03/Vestido-Galaxias-Blanco-Aldodón-ESPALDA1-Crisálida.jpg,https://crisalidadesigner.com/wp-content/uploads/2018/03/Vestido-Galaxias-Blanco-Aldodón-ESPALDA-Crisálida.jpg,https://crisalidadesigner.com/wp-content/uploads/2018/04/Vestido-Galaxias-Negro-Colores-Crisálida.jpg,https://crisalidadesigner.com/wp-content/uploads/2018/04/Vestido-Algodón-Negro-Galaxias-FRENTE2-Crisálida.jpg,https://crisalidadesigner.com/wp-content/uploads/2018/04/Vestido-Algodón-Negro-Galaxias-DETALLE-Crisálida.jpg",negro,Talla Única,0
Camisa Botón Luna,"<span class=""sku"">N/D</span>","116,00€",,"Fantasía Espacial es la colección que va después de Quédate Luna, inspirada también en el universo, las galaxias, la luna, las estrellas…La belleza de lo que está fuera de nuestro alcance, pero que tanto nos gustaría poder alcanzar. Es una colección en la que además hemos intentado coger tejidos como el algodón egipcio para dar la máxima durabilidad a nuestras prendas, o de tencel que es una de las telas más sostenibles que existen. Y además incluyendo muchos detalles como bordados y botones hechos especialmente para la colección. Fantasía Espacial respira surrealismo, sueños, y mucha fantasía, hemos echado la vista al cielo y nos hemos puesto a crear, y a soñar.","https://crisalidadesigner.com/wp-content/uploads/2018/03/Camisa-Botón-Luna-Tencel-Crisálida.jpg,https://crisalidadesigner.com/wp-content/uploads/2018/03/Camisa-Botón-Luna-Tencel-FRENTE1-Crisálida.jpg,https://crisalidadesigner.com/wp-content/uploads/2018/03/Camisa-Botón-Luna-Tencel-TRES-CUARTOS-Crisálida.jpg,https://crisalidadesigner.com/wp-content/uploads/2018/03/Camisa-Botón-Luna-Tencel-ESPALDA-Crisálida.jpg,https://crisalidadesigner.com/wp-content/uploads/2018/03/Camisa-Botón-Luna-Tencel-DETALLE1-Crisálida.jpg,https://crisalidadesigner.com/wp-content/uploads/2018/03/Camisa-Botón-Luna-Tencel-DETALLE-Crisálida.jpg,https://crisalidadesigner.com/wp-content/uploads/2018/03/Camisa-Botón-Luna-Tencel-DETALLE-Manga-Crisálida.jpg,https://crisalidadesigner.com/wp-content/uploads/2018/03/Camisa-Botón1-Luna-Tencel-Crisálida.jpg",None,L/XL,0
Camisa Botón Luna,"<span class=""sku"">N/D</span>","116,00€",,"Fantasía Espacial es la colección que va después de Quédate Luna, inspirada también en el universo, las galaxias, la luna, las estrellas…La belleza de lo que está fuera de nuestro alcance, pero que tanto nos gustaría poder alcanzar. Es una colección en la que además hemos intentado coger tejidos como el algodón egipcio para dar la máxima durabilidad a nuestras prendas, o de tencel que es una de las telas más sostenibles que existen. Y además incluyendo muchos detalles como bordados y botones hechos especialmente para la colección. Fantasía Espacial respira surrealismo, sueños, y mucha fantasía, hemos echado la vista al cielo y nos hemos puesto a crear, y a soñar.","https://crisalidadesigner.com/wp-content/uploads/2018/03/Camisa-Botón-Luna-Tencel-Crisálida.jpg,https://crisalidadesigner.com/wp-content/uploads/2018/03/Camisa-Botón-Luna-Tencel-FRENTE1-Crisálida.jpg,https://crisalidadesigner.com/wp-content/uploads/2018/03/Camisa-Botón-Luna-Tencel-TRES-CUARTOS-Crisálida.jpg,https://crisalidadesigner.com/wp-content/uploads/2018/03/Camisa-Botón-Luna-Tencel-ESPALDA-Crisálida.jpg,https://crisalidadesigner.com/wp-content/uploads/2018/03/Camisa-Botón-Luna-Tencel-DETALLE1-Crisálida.jpg,https://crisalidadesigner.com/wp-content/uploads/2018/03/Camisa-Botón-Luna-Tencel-DETALLE-Crisálida.jpg,https://crisalidadesigner.com/wp-content/uploads/2018/03/Camisa-Botón-Luna-Tencel-DETALLE-Manga-Crisálida.jpg,https://crisalidadesigner.com/wp-content/uploads/2018/03/Camisa-Botón1-Luna-Tencel-Crisálida.jpg",None,M/L,0
Camisa Botón Luna,"<span class=""sku"">N/D</span>","116,00€",,"Fantasía Espacial es la colección que va después de Quédate Luna, inspirada también en el universo, las galaxias, la luna, las estrellas…La belleza de lo que está fuera de nuestro alcance, pero que tanto nos gustaría poder alcanzar. Es una colección en la que además hemos intentado coger tejidos como el algodón egipcio para dar la máxima durabilidad a nuestras prendas, o de tencel que es una de las telas más sostenibles que existen. Y además incluyendo muchos detalles como bordados y botones hechos especialmente para la colección. Fantasía Espacial respira surrealismo, sueños, y mucha fantasía, hemos echado la vista al cielo y nos hemos puesto a crear, y a soñar.","https://crisalidadesigner.com/wp-content/uploads/2018/03/Camisa-Botón-Luna-Tencel-Crisálida.jpg,https://crisalidadesigner.com/wp-content/uploads/2018/03/Camisa-Botón-Luna-Tencel-FRENTE1-Crisálida.jpg,https://crisalidadesigner.com/wp-content/uploads/2018/03/Camisa-Botón-Luna-Tencel-TRES-CUARTOS-Crisálida.jpg,https://crisalidadesigner.com/wp-content/uploads/2018/03/Camisa-Botón-Luna-Tencel-ESPALDA-Crisálida.jpg,https://crisalidadesigner.com/wp-content/uploads/2018/03/Camisa-Botón-Luna-Tencel-DETALLE1-Crisálida.jpg,https://crisalidadesigner.com/wp-content/uploads/2018/03/Camisa-Botón-Luna-Tencel-DETALLE-Crisálida.jpg,https://crisalidadesigner.com/wp-content/uploads/2018/03/Camisa-Botón-Luna-Tencel-DETALLE-Manga-Crisálida.jpg,https://crisalidadesigner.com/wp-content/uploads/2018/03/Camisa-Botón1-Luna-Tencel-Crisálida.jpg",None,S/M,0
Jersey Órbitas,,"89,00€",,"Fantasía Espacial es la colección que va después de Quédate Luna, inspirada también en el universo, las galaxias, la luna, las estrellas…La belleza de lo que está fuera de nuestro alcance, pero que tanto nos gustaría poder alcanzar. Es una colección en la que además hemos intentado coger tejidos como el algodón egipcio para dar la máxima durabilidad a nuestras prendas, o de tencel que es una de las telas más sostenibles que existen. Y además incluyendo muchos detalles como bordados y botones hechos especialmente para la colección. Fantasía Espacial respira surrealismo, sueños, y mucha fantasía, hemos echado la vista al cielo y nos hemos puesto a crear, y a soñar.","https://crisalidadesigner.com/wp-content/uploads/2018/03/Jersey-Órbitas-Crisálida.jpg,https://crisalidadesigner.com/wp-content/uploads/2018/03/Jersey-Órbitas1-Crisálida.jpg,https://crisalidadesigner.com/wp-content/uploads/2018/03/Jersey-Órbitas-Blanco-Crisálida.jpg,https://crisalidadesigner.com/wp-content/uploads/2018/03/Jersey-Orbitas-Algodón-Ejipcio-Blanco-FRENTE-Crisálida.jpg"
Vestido Ondas Mujeres bordado,"<span class=""sku"">N/D</span>","110,00€","55,00€","Fantasía Espacial es la colección que va después de Quédate Luna, inspirada también en el universo, las galaxias, la luna, las estrellas…La belleza de lo que está fuera de nuestro alcance, pero que tanto nos gustaría poder alcanzar. Es una colección en la que además hemos intentado coger tejidos como el algodón egipcio para dar la máxima durabilidad a nuestras prendas, o de tencel que es una de las telas más sostenibles que existen. Y además incluyendo muchos detalles como bordados y botones hechos especialmente para la colección. Fantasía Espacial respira surrealismo, sueños, y mucha fantasía, hemos echado la vista al cielo y nos hemos puesto a crear, y a soñar.","https://crisalidadesigner.com/wp-content/uploads/2018/03/Vestido-Ondas-Bordado-Mujeres-Crisálida1.jpg,https://crisalidadesigner.com/wp-content/uploads/2018/03/Vestido1-Ondas-Bordado-Azul-Algodón-PIERNAS-Crisálida.jpg,https://crisalidadesigner.com/wp-content/uploads/2018/03/Vestido1-Ondas-Bordado-Azul-Algodón-FRENTE2-Crisálida.jpg,https://crisalidadesigner.com/wp-content/uploads/2018/03/Vestido-Ondas-Bordado-Azul-Algodón-ESPALDA-Crisálida.jpg,https://crisalidadesigner.com/wp-content/uploads/2018/03/Vestido1-Ondas-Bordado-Azul-Algodón-DETALLE-Crisálida.jpg,https://crisalidadesigner.com/wp-content/uploads/2018/03/Vestido-Ondas-Bordado-Azul-Algodón-DETALLE1-Crisálida.jpg",None,S,0
Vestido Ondas Mujeres bordado,"<span class=""sku"">N/D</span>","110,00€","55,00€","Fantasía Espacial es la colección que va después de Quédate Luna, inspirada también en el universo, las galaxias, la luna, las estrellas…La belleza de lo que está fuera de nuestro alcance, pero que tanto nos gustaría poder alcanzar. Es una colección en la que además hemos intentado coger tejidos como el algodón egipcio para dar la máxima durabilidad a nuestras prendas, o de tencel que es una de las telas más sostenibles que existen. Y además incluyendo muchos detalles como bordados y botones hechos especialmente para la colección. Fantasía Espacial respira surrealismo, sueños, y mucha fantasía, hemos echado la vista al cielo y nos hemos puesto a crear, y a soñar.","https://crisalidadesigner.com/wp-content/uploads/2018/03/Vestido-Ondas-Bordado-Mujeres-Crisálida1.jpg,https://crisalidadesigner.com/wp-content/uploads/2018/03/Vestido1-Ondas-Bordado-Azul-Algodón-PIERNAS-Crisálida.jpg,https://crisalidadesigner.com/wp-content/uploads/2018/03/Vestido1-Ondas-Bordado-Azul-Algodón-FRENTE2-Crisálida.jpg,https://crisalidadesigner.com/wp-content/uploads/2018/03/Vestido-Ondas-Bordado-Azul-Algodón-ESPALDA-Crisálida.jpg,https://crisalidadesigner.com/wp-content/uploads/2018/03/Vestido1-Ondas-Bordado-Azul-Algodón-DETALLE-Crisálida.jpg,https://crisalidadesigner.com/wp-content/uploads/2018/03/Vestido-Ondas-Bordado-Azul-Algodón-DETALLE1-Crisálida.jpg",None,M,1
Cartera de Edición Limitada en colaboración con Cristina Carmona,"<span class=""sku"">N/D</span>","16,00€",–,"En esta colección he querido inspirarme en el universo, los orígenes, las estrellas, la luna… Una colección en la que nos sentimos como cuando miramos las estrellas y a los cuerpos celestes. Es como mirar al pasado porque la mayoría de ellas están a años luz. Hemos querido mirar atrás y regresar al Big Bang cuando estalló todo, el mayor caos y la mayor belleza de la historia. A cuando empezó a nacer la creatividad como con las Líneas de Nazca. O a los tiempos donde los hombres y las mujeres pasaban las horas mirando al cielo y aprendiendo de sus antepasados las estrellas. Y todo esto contemplado por nuestra gran luna, y todas sus fases, de ahí QUÉDATE LUNA. Porque nuestra pasión por el universo nos ha motivado para crear esta colección, porque somos polvo de estrellas y hemos cogido unas poquitas para hacer éstas prendas en las que hemos puesto toda nuestra ilusión y creatividad. La hemos llenado de magia y esperamos que te llegue un poco.","https://crisalidadesigner.com/wp-content/uploads/2017/12/Cartera-Negra-Edición-Limitada-Estampada-Vía-Láctea-Crisálida0.jpg,https://crisalidadesigner.com/wp-content/uploads/2017/12/Cartera-Rosa-Edición-Limitada-Estampada-Vía-Láctea-Crisálida01.jpg,https://crisalidadesigner.com/wp-content/uploads/2017/12/Cartera-Negra-Y-Rosa-Edición-Limitada-Estampada-Vía-Láctea-Crisálida-1.jpg,https://crisalidadesigner.com/wp-content/uploads/2017/12/Estampado-Edición-Limitada-Vía-Láctea-Cristina-Carmona-Crisálida.jpg,https://crisalidadesigner.com/wp-content/uploads/2017/12/Cartera-Negra-Edición-Limitada-Estampada-Vía-Láctea-Crisálida3.jpg,https://crisalidadesigner.com/wp-content/uploads/2017/12/Cartera-Rosa-Edición-Limitada-Estampada-Vía-Láctea-Crisálida3.jpg",rosa,1,1
Cartera de Edición Limitada en colaboración con Cristina Carmona,"<span class=""sku"">N/D</span>","16,00€",–,"En esta colección he querido inspirarme en el universo, los orígenes, las estrellas, la luna… Una colección en la que nos sentimos como cuando miramos las estrellas y a los cuerpos celestes. Es como mirar al pasado porque la mayoría de ellas están a años luz. Hemos querido mirar atrás y regresar al Big Bang cuando estalló todo, el mayor caos y la mayor belleza de la historia. A cuando empezó a nacer la creatividad como con las Líneas de Nazca. O a los tiempos donde los hombres y las mujeres pasaban las horas mirando al cielo y aprendiendo de sus antepasados las estrellas. Y todo esto contemplado por nuestra gran luna, y todas sus fases, de ahí QUÉDATE LUNA. Porque nuestra pasión por el universo nos ha motivado para crear esta colección, porque somos polvo de estrellas y hemos cogido unas poquitas para hacer éstas prendas en las que hemos puesto toda nuestra ilusión y creatividad. La hemos llenado de magia y esperamos que te llegue un poco.","https://crisalidadesigner.com/wp-content/uploads/2017/12/Cartera-Negra-Edición-Limitada-Estampada-Vía-Láctea-Crisálida0.jpg,https://crisalidadesigner.com/wp-content/uploads/2017/12/Cartera-Rosa-Edición-Limitada-Estampada-Vía-Láctea-Crisálida01.jpg,https://crisalidadesigner.com/wp-content/uploads/2017/12/Cartera-Negra-Y-Rosa-Edición-Limitada-Estampada-Vía-Láctea-Crisálida-1.jpg,https://crisalidadesigner.com/wp-content/uploads/2017/12/Estampado-Edición-Limitada-Vía-Láctea-Cristina-Carmona-Crisálida.jpg,https://crisalidadesigner.com/wp-content/uploads/2017/12/Cartera-Negra-Edición-Limitada-Estampada-Vía-Láctea-Crisálida3.jpg,https://crisalidadesigner.com/wp-content/uploads/2017/12/Cartera-Rosa-Edición-Limitada-Estampada-Vía-Láctea-Crisálida3.jpg",rosa,2,30
Cartera de Edición Limitada en colaboración con Cristina Carmona,"<span class=""sku"">N/D</span>","16,00€",–,"En esta colección he querido inspirarme en el universo, los orígenes, las estrellas, la luna… Una colección en la que nos sentimos como cuando miramos las estrellas y a los cuerpos celestes. Es como mirar al pasado porque la mayoría de ellas están a años luz. Hemos querido mirar atrás y regresar al Big Bang cuando estalló todo, el mayor caos y la mayor belleza de la historia. A cuando empezó a nacer la creatividad como con las Líneas de Nazca. O a los tiempos donde los hombres y las mujeres pasaban las horas mirando al cielo y aprendiendo de sus antepasados las estrellas. Y todo esto contemplado por nuestra gran luna, y todas sus fases, de ahí QUÉDATE LUNA. Porque nuestra pasión por el universo nos ha motivado para crear esta colección, porque somos polvo de estrellas y hemos cogido unas poquitas para hacer éstas prendas en las que hemos puesto toda nuestra ilusión y creatividad. La hemos llenado de magia y esperamos que te llegue un poco.","https://crisalidadesigner.com/wp-content/uploads/2017/12/Cartera-Negra-Edición-Limitada-Estampada-Vía-Láctea-Crisálida0.jpg,https://crisalidadesigner.com/wp-content/uploads/2017/12/Cartera-Rosa-Edición-Limitada-Estampada-Vía-Láctea-Crisálida01.jpg,https://crisalidadesigner.com/wp-content/uploads/2017/12/Cartera-Negra-Y-Rosa-Edición-Limitada-Estampada-Vía-Láctea-Crisálida-1.jpg,https://crisalidadesigner.com/wp-content/uploads/2017/12/Estampado-Edición-Limitada-Vía-Láctea-Cristina-Carmona-Crisálida.jpg,https://crisalidadesigner.com/wp-content/uploads/2017/12/Cartera-Negra-Edición-Limitada-Estampada-Vía-Láctea-Crisálida3.jpg,https://crisalidadesigner.com/wp-content/uploads/2017/12/Cartera-Rosa-Edición-Limitada-Estampada-Vía-Láctea-Crisálida3.jpg",negro,,0
Producto,SKU,Precio,Precio Rebajado,Descripcion_corta,Imagen,Color,Talla,Disponibilidad
Producto,SKU,Precio,Precio Rebajado,Descripcion_corta,Imagen,Color,Talla,Disponibilidad
Producto,SKU,Precio,Precio Rebajado,Descripcion_corta,Imagen,Color,Talla,Disponibilidad
Producto,SKU,Precio,Precio Rebajado,Descripcion_corta,Imagen,Color,Talla,Disponibilidad
Producto,SKU,Precio,Precio Rebajado,Descripcion_corta,Imagen,Color,Talla,Disponibilidad
Producto,SKU,Precio,Precio Rebajado,Descripcion_corta,Imagen,Color,Talla,Disponibilidad
Producto,SKU,Precio,Precio Rebajado,Descripcion_corta,Imagen,Color,Talla,Disponibilidad
Producto,SKU,Precio,Precio Rebajado,Descripcion_corta,Imagen,Color,Talla,Disponibilidad
Producto,SKU,Precio,Precio Rebajado,Descripcion_corta,Imagen,Color,Talla,Disponibilidad
Producto,SKU,Precio,Precio Rebajado,Descripcion_corta,Imagen,Color,Talla,Disponibilidad
Producto,SKU,Precio,Precio Rebajado,Descripcion_corta,Imagen,Color,Talla,Disponibilidad
Producto,SKU,Precio,Precio Rebajado,Descripcion_corta,Imagen,Color,Talla,Disponibilidad
Producto,SKU,Precio,Precio Rebajado,Descripcion_corta,Imagen,Color,Talla,Disponibilidad
Producto,SKU,Precio,Precio Rebajado,Descripcion_corta,Imagen,Color,Talla,Disponibilidad
Producto,SKU,Precio,Precio Rebajado,Descripcion_corta,Imagen,Color,Talla,Disponibilidad
Producto,SKU,Precio,Precio Rebajado,Descripcion_corta,Imagen,Color,Talla,Disponibilidad
Producto,SKU,Precio,Precio Rebajado,Descripcion_corta,Imagen,Color,Talla,Disponibilidad
Producto,SKU,Precio,Precio Rebajado,Descripcion_corta,Imagen,Color,Talla,Disponibilidad
Producto,SKU,Precio,Precio Rebajado,Descripcion_corta,Imagen,Color,Talla,Disponibilidad
Producto,SKU,Precio,Precio Rebajado,Descripcion_corta,Imagen,Color,Talla,Disponibilidad
Producto,SKU,Precio,Precio Rebajado,Descripcion_corta,Imagen,Color,Talla,Disponibilidad
Producto,SKU,Precio,Precio Rebajado,Descripcion_corta,Imagen,Color,Talla,Disponibilidad
Producto,SKU,Precio,Precio Rebajado,Descripcion_corta,Imagen,Color,Talla,Disponibilidad
Producto,SKU,Precio,Precio Rebajado,Descripcion_corta,Imagen,Color,Talla,Disponibilidad
Producto,SKU,Precio,Precio Rebajado,Descripcion_corta,Imagen,Color,Talla,Disponibilidad
Producto,SKU,Precio,Precio Rebajado,Descripcion_corta,Imagen,Color,Talla,Disponibilidad
Producto,SKU,Precio,Precio Rebajado,Descripcion_corta,Imagen,Color,Talla,Disponibilidad
Producto,SKU,Precio,Precio Rebajado,Descripcion_corta,Imagen,Color,Talla,Disponibilidad
Producto,SKU,Precio,Precio Rebajado,Descripcion_corta,Imagen,Color,Talla,Disponibilidad
